"id","author","title","description","url","urlToImage","publishedAt","content"
"1","Joseph Walker","Crispr Gene-Editing Drugs Show Promise in Preliminary Study","Intellia Therapeutics said two of its experimental Crispr treatments produced positive results in early-stage trials.","https://www.wsj.com/articles/crispr-gene-editing-drugs-show-promise-in-preliminary-study-11663327063","https://images.wsj.net/im-624113/social","2022-09-16T11:21:03Z","Intellia Therapeutics Inc. reported encouraging early-stage study results for its Crispr gene-editing treatments, the latest sign that the pathbreaking technology could result in commercially avail… [+266 chars]"
"2","null","在岸人民币周五跌近400点、紧随离岸失守7元大关；美元指数再度急涨 - Wall Street Journal","<ol><li>在岸人民币周五跌近400点、紧随离岸失守7元大关；美元指数再度急涨  Wall Street Journal</li><li>人民币汇率破“7”了！有哪些影响？十问十答  瞭望东方周刊</li><li>离岸人民币汇率“破7”  财新网金融频道</li><li>人民币兑美元汇率两年多来首次破7  Wall Street Journal</li><li>华商基金张永志：人民币破“7”影响及后续汇率走势  新浪</li><li>在Google 新闻上查看完整报道</li></ol>","https://cn.wsj.com/articles/在岸人民币周五跌近400点-紧随离岸失守7元大关-美元指数再度急涨-11663319105","https://images.wsj.net/im-33583/social","2022-09-16T09:05:00Z","400716:3017.01666.97753910.56%17.00337.025020207816:3017.03260.27%7.0368..."
"3","wsj","Peter Thiel, Losing Arizona...","He and Donald Trump helped Blake Masters get the nomination. Where are they now?","https://www.wsj.com/articles/peter-thiel-losing-arizona-blake-masters-funding-gop-super-pac-inflation-power-voters-republicans-filibuster-11663280414","https://images.wsj.net/im-624388/social","2022-09-16T02:00:03Z","Opinion  Peter Thiel, Losing ArizonaListen to article(3 minutes)If Republicans lose a tantalizingly close Arizona Senate race, don’t place the blame entirely at the feet of nominee Blake Masters. Lo… [+1064 chars]"
"4","The Wall Street Journal","Pop Music’s Tension Between New And Familiar","The longevity of old songs is an even greater mystery when what every era’s fans want is the fresh, the startling, the new. – The Wall Street Journal","https://www.wsj.com/articles/lets-do-it-book-review-history-pop-music-hit-parade-11662733576","https://images.wsj.net/im-619041/social","2022-09-15T22:01:00Z","At a poetry festival in Dublin a few years ago, I found myself in a group of mostly middle-aged folks from all over the English-speaking world. Out of nowhere, someone began to sing Its a Long Way to… [+1151 chars]"
"5","Meghan Bobrowsky","California Gov. Gavin Newsom Signs Law Requiring Social Media Companies to Consider Children’s Health","California Gov. Gavin Newsom Signs Law Requiring Social Media Companies to Consider Children’s Healthwsj.com","https://www.wsj.com/articles/california-gov-gavin-newsom-signs-law-requiring-social-media-companies-to-consider-childrens-health-11663277455","https://images.wsj.net/im-624234/social","2022-09-15T21:36:51Z","Social-media companies that operate in California will have to consider the health and well-being of children under a first-of-its-kind bill signed into law Thursday by Gov. Gavin Newsom.Called the… [+292 chars]"
"6","Alyssa Lukpat","Dems Scrambling...","Dems Scrambling...    (Third column, 5th story, link)    Related stories:Hispanics pass whites to become largest group in Texas...Abbott sends busloads of migrants outside Kamala home...New York relocates arrivals -- to Florida!DeSantis …","https://www.wsj.com/articles/florida-sends-50-migrants-on-planes-to-marthas-vineyard-11663253106","https://images.wsj.net/im-623712/social","2022-09-15T21:19:40Z","An accelerating campaign by Republican governors to send migrants to Democratic strongholds, initially seen by many Democratic officials as a political stunt, is now sending those officials scramblin… [+353 chars]"
"7","Aylin Woodward","Saturn Ring Mystery Possibly Solved After Four Centuries of Uncertainty - The Wall Street Journal","<ol><li>Saturn Ring Mystery Possibly Solved After Four Centuries of Uncertainty  The Wall Street Journal</li><li>Saturn's Missing Moon Might Be Hiding In Its Rings, Scientists Suggest  CNET</li><li>Saturn's rings could have come from a destroyed moon name…","https://www.wsj.com/articles/saturn-ring-mystery-possibly-solved-after-four-centuries-of-uncertainty-11663264812","https://images.wsj.net/im-621451/social","2022-09-15T18:00:00Z","Saturn isnt the only ringed planet in our solar system, but its iconic girdle of ice and dust is by far the most spectacular. And a new study gives a fresh explanation of how and when Saturns rings f… [+614 chars]"
"8","Ben Eisen","Mortgage Rates Top 6% for the First Time Since the 2008 Financial Crisis - The Wall Street Journal","<ol><li>Mortgage Rates Top 6% for the First Time Since the 2008 Financial Crisis  The Wall Street Journal</li><li>Mortgage rates top 6% for the first time since 2008  CNN</li><li>Housing: Mortgage rates breach 6% for first time since 2008  Yahoo Finance…","https://www.wsj.com/articles/mortgage-rates-hit-6-02-highest-since-the-financial-crisis-11663250402","https://images.wsj.net/im-623419/social","2022-09-15T15:34:00Z","Mortgage rates topped 6% this week, their highest level since 2008, giving a jolt to home buyers who last year were paying less than half that.The average rate on a 30-year fixed mortgage climbed t… [+281 chars]"
"9","Alexandra Samuel","How I Am Reducing the Stress of Returning to Business Travel - The Wall Street Journal","Social anxiety. Covid worries. Family separation. I’m learning that there are ways to make it all a little bit easier.","https://www.wsj.com/articles/reduce-travel-business-stress-returning-11663180168","https://images.wsj.net/im-621836/social","2022-09-15T14:00:00Z","As I loaded my laptop, iPad and toiletries back into my carry-on bag after passing through airport security, the fellow packing up next to me commented on one of my gadgets. Before I knew it, we were… [+645 chars]"
"10","Quentin Webb","人民币跌破1美元兑人民币7元关口 - Wall Street Journal","<ol><li>人民币跌破1美元兑人民币7元关口  Wall Street Journal</li><li>人民币汇率破“7”了！有哪些影响？十问十答  华尔街见闻</li><li>離岸人民幣兌美元跌破7.0關口  大纪元</li><li>人民币汇率破7：为什么，啥影响，怎么办？  新浪</li><li>离岸人民币兑美元 破7！ 在岸人民币也岌岌可危中國報  China Press</li><li>在Google 新闻上查看完整报道</li></ol>","https://cn.wsj.com/articles/人民币跌破1美元兑人民币7元关口-11663247707","https://images.wsj.net/im-618633/social","2022-09-15T13:15:00Z",""
"11","Nicole Nguyen","Apple Watch Series 8 and SE Review: Both Watches Could Save Your Life. One Could Help You Make a Baby. - The Wall Street Journal","<ol><li>Apple Watch Series 8 and SE Review: Both Watches Could Save Your Life. One Could Help You Make a Baby.  The Wall Street Journal</li><li>Apple Watch Series 8 review: if it ain't broke  The Verge</li><li>Apple Watch Series 8: A week with the new bes…","https://www.wsj.com/articles/apple-watch-series-8-and-se-review-both-watches-could-save-your-life-one-could-help-you-make-a-baby-11663204609","https://images.wsj.net/im-623743/social","2022-09-15T13:00:00Z","Deciding which Apple Watch to get just got a little more complicated. This year, there are three new Apple Watch models, each with a different mix of health, fitness and emergency sensors.Theres th… [+398 chars]"
"12","Charles Hutzler","Biden Orders Deeper Scrutiny of Foreign Investment in Tech and Supply Chains - The Wall Street Journal","A new executive order directs the panel screening foreign investment, Cfius, to look at deals in areas U.S. officials say are of interest to China.","https://www.wsj.com/articles/biden-orders-deeper-scrutiny-of-foreign-investment-in-tech-and-supply-chains-11663246802","https://images.wsj.net/im-623509/social","2022-09-15T13:00:00Z","WASHINGTONThe Biden administration is ordering a panel that screens foreign investment for national security risks to heighten scrutiny of deals that may give China and other adversaries access to cr… [+412 chars]"
"13","Katherine Clarke","Will Someone Pay $250 Million to Live Atop World's Tallest Condo Tower?","Will Someone Pay $250 Million to Live Atop World's Tallest Condo Tower?    (First column, 13th story, link)    Related stories:Country's Most Expensive Home...","https://www.wsj.com/articles/central-park-tower-penthouse-lists-for-250-million-11663202931","https://images.wsj.net/im-622414/social","2022-09-15T11:34:39Z","When construction topped out at New Yorks Central Park Tower, the Billionaires Row mega-tower set a record for the worlds tallest residential condominium, at 1,550 feet high. Now, developer Gary Ba… [+406 chars]"
"14","Yaroslav Trofimov","Ukraine Battles Flooding After Russian Strike on Dam - The Wall Street Journal","<ol><li>Ukraine Battles Flooding After Russian Strike on Dam  The Wall Street Journal</li><li>Russia-Ukraine War: Latest Updates  The New York Times</li><li>Zelenskyy's hometown in Ukraine floods after Russian cruise missile strikes break dam  Fox News<…","https://www.wsj.com/articles/ukraine-battles-flooding-after-russian-strike-on-dam-11663241695","https://images.wsj.net/im-623659/social","2022-09-15T11:34:00Z","Ukrainian authorities said Thursday that they had managed to stave off flooding caused by a Russian missile strike on the southern city of Kryviy Rih, as the European Unions top official traveled to … [+455 chars]"
"15","Heather Somerville","Chinese Investment Flows to Silicon Valley Venture Funds","Chinese investment in U.S. venture-capital funds is demonstrating that economic ties between Silicon Valley and China remain deep despite political and national security risks.","https://www.wsj.com/articles/chinese-investment-flows-to-silicon-valley-venture-funds-11663234202","https://images.wsj.net/im-623384/social","2022-09-15T10:30:42Z","Chinese investment in U.S. venture-capital funds is flowing, demonstrating that economic ties between Silicon Valley and China remain deep despite political and national security risks, according to … [+563 chars]"
"16","Christopher Mims","Shell Names New CEO as Ben van Beurden Steps Down","The company said its longtime CEO would be replaced by Wael Sawan, a changing of the guard at one of the world’s biggest oil companies.","https://www.wsj.com/articles/shell-names-new-ceo-as-ben-van-beurden-steps-down-11663224088","https://images.wsj.net/im-623587/social","2022-09-15T06:44:10Z","Shell PLC said longtime Chief Executive Officer Ben van Beurden was stepping down after nine years, capping a period of continuous change within the oil-and-gas industry, and would be replaced by Wae… [+201 chars]"
"17","Jeffry Bartash","美国PPI涨幅连续第二个月下降 - Wall Street Journal","<ol><li>美国PPI涨幅连续第二个月下降  Wall Street Journal</li><li>美国8月PPI同比回落至8.7%，核心PPI仍然高于预期  华尔街见闻</li><li>油价下跌 英国通胀从40年高点回落中國報  China Press</li><li>在Google 新闻上查看完整报道</li></ol>","https://cn.wsj.com/articles/美国ppi涨幅连续第二个月下降-11663198505","https://images.wsj.net/im-622745/social","2022-09-14T23:35:00Z","80.1%(PPI)20202020(The Wall Street Journal)0.1%9.8%8.7%..."
"18","Heather Haddon","McDonald's CEO Raises Crime Concerns for Business in Chicago - The Wall Street Journal","McDonald’s CEO Chris Kempczinski said the burger giant faces violent crime, homelessness and drug overdoses in its Chicago restaurants, and called on city and business leaders to help.","https://www.wsj.com/articles/mcdonalds-ceo-raises-crime-concerns-for-business-in-chicago-11663195918","https://images.wsj.net/im-623426/social","2022-09-14T23:03:38Z","McDonald Corp. Chief Executive Officer Chris Kempczinski said the burger giant is grappling with violent crime, homelessness and drug overdoses in its Chicago restaurants, and called on city and bu… [+422 chars]"
"19","Christopher Mims","Luxury Brands Spend More on Marketing, Defying Economic Uncertainty","The rising influence of wealthy consumers keeps high-end products and services in demand","https://www.wsj.com/articles/luxury-brands-spend-more-on-marketing-defying-economic-uncertainty-11663188879","https://images.wsj.net/im-623225/social","2022-09-14T22:00:52Z","Many luxury-good sellers arent feeling the same pressure to cut marketing budgets that has hit other categories in recent months, thanks to a booming market for luxury cars, travel packages and other… [+6424 chars]"
"20","Max Colchester","Royal Family Unites to Take Queen's Coffin to Public Viewing - The Wall Street Journal","<ol><li>Royal Family Unites to Take Queen's Coffin to Public Viewing  The Wall Street Journal</li><li>William and Harry's show of unity for the Queen  CNN</li><li>William and Harry walk together behind a loved one's coffin, again  Reuters UK</li><li>The…","https://www.wsj.com/articles/royal-family-will-unite-to-accompany-queens-coffin-through-london-11663155747","https://images.wsj.net/im-622795/social","2022-09-14T20:49:00Z","LONDONThe royal family united in procession Wednesday as Queen Elizabeth IIs coffin left her home at Buckingham Palace for the last time, taken atop a gun carriage in a somber ceremonial march to Wes… [+390 chars]"
"21","Alyssa Lukpat","MyPillow CEO Mike Lindell Says FBI Seized His Phone at a Hardee's Drive-Through - The Wall Street Journal","<ol><li>MyPillow CEO Mike Lindell Says FBI Seized His Phone at a Hardee's Drive-Through  The Wall Street Journal</li><li>FBI seizes Mike Lindell's phone in probe of Colo. voting machine breach  The Washington Post</li><li>Trump Throws Epic Tantrum Over FB…","https://www.wsj.com/articles/mypillow-ceo-mike-lindell-says-fbi-seized-his-phone-at-a-hardees-drive-through-11663176148","https://images.wsj.net/im-622788/social","2022-09-14T18:22:00Z","Mike Lindell, the chief executive of MyPillow Inc. who has spread unproven claims about voter fraud, said the FBI seized his phone and questioned him about a Colorado county election clerk who was al… [+270 chars]"
"22","Talal Ansari","Adnan Syed Murder Conviction Should Be Vacated, Prosecutors Say - The Wall Street Journal","<ol><li>Adnan Syed Murder Conviction Should Be Vacated, Prosecutors Say  The Wall Street Journal</li><li>Baltimore prosecutors move to vacate Adnan Syed conviction in 1999 murder case brought to national fame in 'Serial' podcast  Baltimore Sun</li><li>Vie…","https://www.wsj.com/articles/adnan-syed-serial-podcast-vacate-murder-conviction-11663163015","https://images.wsj.net/im-623061/social","2022-09-14T16:53:00Z","Prosecutors in Baltimore are asking a judge to vacate Adnan Syeds conviction for the 1999 murder of Hae Min Lee, a case that riveted America when it was turned into the hit first season of the podc… [+272 chars]"
"23","Esther Fung","Railroad Union Says Workers Voted Against Proposed Labor Deal as Strike Looms","One of the labor unions representing U.S. railroad workers said its members rejected a tentative agreement, a setback in efforts to avoid a potential strike that would disrupt the movement of goods across the U.S.","https://www.wsj.com/articles/railroad-union-says-workers-voted-against-proposed-labor-deal-as-strike-looms-11663170265","https://images.wsj.net/im-622264/social","2022-09-14T15:46:47Z","One of the labor unions representing U.S. railroad workers said its members rejected a tentative agreement its leaders had reached, a setback in efforts to avoid a potential strike that would disru… [+386 chars]"
"24","Rebecca Picciotto","Teens Love ROLLING STONES T-Shirts. Just Don't Ask Them to Name Song...","Rolling Stones and Iron Maiden T-shirts are in fashion among younger generations, even if they’ve never heard the music. ‘It’s a huge letdown when you realize they don’t actually listen to it.’","https://www.wsj.com/articles/teens-love-rolling-stones-t-shirts-just-dont-ask-them-to-name-a-song-11663165887","https://images.wsj.net/im-622161/social","2022-09-14T15:22:40Z","Like many 17-year-old high-school students today, Sarah Jenkins doesnt listen to the Rolling Stones. Her closet tells a different story.In seventh grade, Ms. Jenkins decided to buy the shirt that e… [+345 chars]"
"25","Rebecca Feng and Dave Sebastian","Chinese Investment Bank CICC Plans Large Capital Raise to Bolster Business - The Wall Street Journal","The investment bank’s shares fell to their lowest level in more than two years after it said it wants to raise as much as $3.9 billion to fund its expansion amid increasing competition from foreign rivals.","https://www.wsj.com/articles/chinese-investment-bank-cicc-plans-large-capital-raise-to-bolster-business-11663156089","https://images.wsj.net/im-622688/social","2022-09-14T11:48:00Z","China International Capital one of the countrys biggest investment banks, said it plans to raise billions of dollars to bolster its business as it contends with increasing competition from foreign ri… [+299 chars]"
"26","Rebecca Feng","中金公司股价在公布配股计划后下挫 - Wall Street Journal","<ol><li>中金公司股价在公布配股计划后下挫  Wall Street Journal</li><li>中金公司公布270亿元人民币配股计划后股价下跌  Wall Street Journal</li><li>中金公司计划通过配售股份筹集高达39亿美元  Wall Street Journal</li><li>在Google 新闻上查看完整报道</li></ol>","https://cn.wsj.com/articles/中金公司股价在公布配股计划后下挫-11663155005","https://images.wsj.net/im-622572/social","2022-09-14T11:30:00Z","(China International Capital Corporation Ltd., 3908.HK, 601995.SH, :)27039H8%2020A9.2%10340%(Morgan..."
"27","Sam Schechner","Google Loses Most of Appeal of EU Android Decision","The tech giant lost most of its appeal to overturn the antitrust decision for allegedly using its Android operating system to squash competition—but got a roughly $215 million reduction in the fine.","https://www.wsj.com/articles/google-loses-most-of-appeal-of-eu-android-decision-11663144271","https://images.wsj.net/im-622622/social","2022-09-14T08:37:02Z","BRUSSELSAlphabet Google lost most of its appeal to overturn a $4.33 billion antitrust decision imposed by the European Union for allegedly using its Android operating system to squash competitionbut … [+484 chars]"
"28","Keith Zhai 发自新加坡, Evan Gershkovich 发自莫斯科","习近平和普京将在中亚举行会晤，拟联手对抗西方 - Wall Street Journal","<ol><li>习近平和普京将在中亚举行会晤，拟联手对抗西方  Wall Street Journal</li><li>评论  何清涟：上合普习会为何举世瞩目？  自由亚洲电台</li><li>乌克兰战争给上合组织峰会蒙上阴影  美国之音中文网 - VOA Mandarin</li><li>在Google 新闻上查看完整报道</li></ol>","https://cn.wsj.com/articles/习近平和普京将在中亚举行会晤-拟联手对抗西方-11663125305","https://images.wsj.net/im-621580/social","2022-09-14T05:55:00Z","(Vladimir Putin)(Shanghai Cooperation Organization, )3,500..."
"29","Andrew Restuccia, Ted Mann and Esther Fung","White House Explores Rail-Freight Alternatives as Possible Strike Looms - The Wall Street Journal","<ol><li>White House Explores Rail-Freight Alternatives as Possible Strike Looms  The Wall Street Journal</li><li>Amtrak cancels some long-haul trips ahead of possible freight railroad strike  KARE 11</li><li>Potential railroad strike threatens U.S. econom…","https://www.wsj.com/articles/white-house-explores-rail-freight-alternatives-as-labor-stoppage-looms-11663094198","https://images.wsj.net/im-622103/social","2022-09-14T01:06:00Z","The White House is assessing how other transportation providers could fill potential gaps in the nations freight network as labor unions and railroads continue contract talks to avert a potential lab… [+435 chars]"
"30","Vivien Lou Chen","联邦基金利率期货显示美联储下周加息100个基点的可能性升至34% - Wall Street Journal","美国8月消费者价格指数高于预期，联邦基金利率期货显示美联储加息100个基点的可能性从周一的零提高到了34%。","https://cn.wsj.com/articles/联邦基金利率期货显示美联储下周加息100个基点的可能性升至34-11663112833","https://s.wsj.net/public/resources/images/BN-TH857_1THEX_TOP_20170505092344.jpg","2022-09-13T23:47:00Z","8(CPI)100034%2.25%-2.5%3.25%-3.5%7591%66%1,200(Nomura Securities)1MarketWatch..."
"31","Karen Langley, Caitlin Ostroff","美股创出逾两年来最大单日跌幅，道指跌近1,300点 - Wall Street Journal","<ol><li>美股创出逾两年来最大单日跌幅，道指跌近1,300点  Wall Street Journal</li><li>升息恐慌加剧美股暴跌两年多来最惨 财经  Oriental Daily News 马来西亚东方日报</li><li>在Google 新闻上查看完整报道</li></ol>","https://cn.wsj.com/articles/美股创出逾两年来最大单日跌幅-道指跌近1-300点-11663112404","https://images.wsj.net/im-621393/social","2022-09-13T23:45:00Z","3050011FacebookMeta Platforms Inc. (META)9.4%(BlackRock Inc., BLK)7.4%(Boeing Co., BA)7.2%1276.373.9%31,104.97500177.724.3%3,932.69632.845.2%11,633.57..."
"32","Jessica Toonkel","Paramount Considers Discontinuing Showtime Streaming Service, Merging With Paramount+","The move would involve discontinuing the Showtime service, a step that would streamline the entertainment company’s offerings amid a crowd of competitors.","https://www.wsj.com/articles/paramount-considers-discontinuing-showtime-streaming-service-merging-with-paramount-11663094840","https://images.wsj.net/im-621874/social","2022-09-13T18:49:34Z","Paramount Global is considering discontinuing its Showtime streaming service and shifting its content into Paramount+, according to people familiar with the situation, a move that would streamline th… [+270 chars]"
"33","William A. Galston","What Rights Do Hasidic Schools Have? - The Wall Street Journal","<ol><li>What Rights Do Hasidic Schools Have?  The Wall Street Journal</li><li>State adopts new rules for non-public schools, yeshivas  Spectrum News NY1</li><li>NY adopts new guidelines for cracking down on religious schools  New York Post </li><li>NY p…","https://www.wsj.com/articles/what-rights-do-hasidic-schools-have-new-york-times-judaism-yeshivas-supreme-court-free-exercise-religion-11663070380","https://images.wsj.net/im-621866/social","2022-09-13T16:39:00Z","William A. Galston writes the weekly Politics &amp; Ideas column in the Wall Street Journal. He holds the Ezra K. Zilkha Chair in the Brookings Institutions Governance Studies Program, where he serve… [+1031 chars]"
"34","Jared Malsin","Armenia, Azerbaijan Clashes Test Russia's Support for Regional Ally - The Wall Street Journal","<ol><li>Armenia, Azerbaijan Clashes Test Russia's Support for Regional Ally  The Wall Street Journal</li><li>UPDATE 1-Kremlin says Putin making 'every effort' to de-escalate Armenia-Azerbaijan hostilities  Yahoo Finance</li><li>LATEST UPDATES: Deadly clas…","https://www.wsj.com/articles/armenia-azerbaijan-clashes-test-russias-support-for-regional-ally-11663080829","https://images.wsj.net/im-621884/social","2022-09-13T16:27:00Z","A new round of fighting erupted between Armenia and Azerbaijan, threatening to unravel a cease-fire brokered by the Kremlin and testing its support for traditional allies during the war in Ukraine.… [+363 chars]"
"35","River Davis and Krishna Pokharel","Honda Considers Listing for Electric-Motorcycle Business - WSJ - The Wall Street Journal","Japanese vehicle maker, which earns hefty profits on two-wheelers, looks to catch up in markets like India.","https://www.wsj.com/articles/honda-considers-listing-for-electric-motorcycle-business-11663081257","https://images.wsj.net/im-621737/social","2022-09-13T15:00:00Z","TOKYOHonda Motor Co., the worlds top maker of motorcycles by market share, is considering a separate stock-market listing for its electric two-wheeler business, a move it says could help accelerate… [+266 chars]"
"36","Alyssa Lukpat","Columbia University Falls to No. 18 From No. 2 in U.S. News College Rankings - The Wall Street Journal","<ol><li>Columbia University Falls to No. 18 From No. 2 in U.S. News College Rankings  The Wall Street Journal</li><li>Columbia University Drops From No. 2 to No. 18 in U.S. News Rankings  The New York Times</li><li>Critiques mount around popular annual co…","https://www.wsj.com/articles/columbia-university-falls-to-no-18-from-no-2-in-u-s-news-college-rankings-11663076946","https://images.wsj.net/im-621739/social","2022-09-13T13:49:00Z","Columbia University fell to No. 18 in this years U.S. News &amp; World Report college rankings, down from No. 2 last year, after the school recently admitted to incorrectly reporting data for the l… [+246 chars]"
"37","Will Horner","OPEC Reiterates Warning About Disconnected Oil Market","The remarks are the latest signal that the group is prepared to backstop the oil market and prevent prices from falling much further, confounding efforts by Western governments to ease the pain of high energy prices.","https://www.wsj.com/articles/opec-reiterates-warning-about-disconnected-oil-market-11663075688","https://images.wsj.net/im-621796/social","2022-09-13T13:28:00Z","The oil market is in a state of schizophrenia and increasingly disconnected from signs of robust crude demand, OPEC said Tuesday, reiterating earlier hints that it would act to support prices that ha… [+382 chars]"
"38","Caitlin Ostroff","Stock Futures Fall After Inflation Data is Higher Than Expected","Annual inflation eased to 8.3% in August but came in higher than economists anticipated","https://www.wsj.com/articles/global-stocks-markets-dow-update-09-13-2022-11663065625","https://images.wsj.net/im-621393/social","2022-09-13T13:05:00Z","U.S. stock futures fell after fresh inflation data showed that price pressures are proving more persistent than investors anticipated, denting hopes that central bankers may ease their course of inte… [+258 chars]"
"39","Christopher Mims","Fanatics’ Upstart Sports-Gambling Division Hires Marketing Chief","Jason White, veteran of MTV and Beats, is joining the newest business in Michael Rubin’s digital sports empire as it aims to take on big names including DraftKings and FanDuel","https://www.wsj.com/articles/fanatics-upstart-sports-gambling-division-hires-marketing-chief-11663063201","https://images.wsj.net/im-621406/social","2022-09-13T10:29:11Z","Sports-merchandise retailer Fanatics Inc. has hiredJason Whiteas chief marketing officer of Fanatics Betting and Gaming, its nascent online sports-gambling division.Fanatics, which is controlled … [+3735 chars]"
"40","Berber Jin","Former Disney CEO Robert Iger to Join Venture Firm Thrive Capital","Former Disney CEO Robert Iger is joining Thrive Capital, where he will advise on day-to-day initiatives including mentoring startup founders and identifying new investment opportunities.","https://www.wsj.com/articles/former-disney-ceo-robert-iger-to-join-venture-firm-thrive-capital-11663061402","https://images.wsj.net/im-621364/social","2022-09-13T09:42:07Z","Robert Iger, the former chief executive of Walt Disney is joining venture-capital firm Thrive Capital, where as a venture partner he will advise on day-to-day initiatives including mentoring startup … [+377 chars]"
"41","Joanna Sugden","英国女王灵柩将在威斯敏斯特宫停放约四天供民众瞻仰 - Wall Street Journal","<ol><li>英国女王灵柩将在威斯敏斯特宫停放约四天供民众瞻仰  Wall Street Journal</li><li>伊丽莎白二世灵柩前往爱丁堡 民众沿途表达最后敬意抛撒鲜花  美国之音中文网 - VOA Mandarin</li><li>英国女王葬礼细节公布，有人抱怨  环球网</li><li>伊丽莎白二世移灵爱丁堡 国葬9.19伦敦举行  RFI - 法国国际广播电台</li><li>【英女王驾崩】苏格兰再掀独立辩论 国际  Oriental Daily News 马来西亚东方日报…","https://cn.wsj.com/articles/英国女王灵柩将在威斯敏斯特宫停放约四天供民众瞻仰-11663026005","https://images.wsj.net/im-620763/social","2022-09-12T23:40:00Z","(Queen Elizabeth II)1,0005919630..."
"42","Alexandra Bruell","Members of New York Times, NBC News Digital Unions Defy Return-to-Office Plans","Some vow to work from home all of this week, the first in which both organizations expect employees back in the office some of the time.","https://www.wsj.com/articles/members-of-new-york-times-nbc-news-digital-unions-defy-return-to-office-plans-11663021373","https://images.wsj.net/im-621069/social","2022-09-12T22:40:48Z","Some union members of the New York Times and NBC Newss digital properties vowed not to come to the office this week and instead work remotely, defying their respective employers back-to-the-office pl… [+172 chars]"
"43","wsj","New Cancer Drug Beats Chemo in Study...","Amgen’s Lumakras targets a mutation called KRAS that is common among many cancers.","https://www.wsj.com/articles/new-cancer-drug-beats-chemotherapy-in-study-11662996694","https://images.wsj.net/im-620951/social","2022-09-12T21:00:04Z","New Cancer Drug Beats Chemotherapy in StudyNew data from the first of a new type of cancer drug suggest its benefits and limitations, while leaving room for other candidates seeking to enter the lucr… [+748 chars]"
"44","Allison Prang","Thousands of Minnesota Nurses Go on Strike Over Retention, Staffing, Pay","The strike is believed to be the largest-ever work stoppage by private-sector nurses in the U.S., according to the Minnesota Nurses Association.","https://www.wsj.com/articles/thousands-of-minnesota-nurses-go-on-strike-over-retention-staffing-pay-11663011195","https://images.wsj.net/im-621044/social","2022-09-12T19:35:59Z","Roughly 15,000 Minnesota nurses went on strike Monday in protest of stalled contract negotiations and concerns over staffing and retention, wages and patient care.The strike, which is expected to c… [+242 chars]"
"45","Joanna Stern","iOS 16 Is Here. The iPhone Update Brings a Screen Makeover, Message Editing and More.","Apple finally lets you customize your lock screen with layouts, colors and fonts. Plus, new messaging tools improve everyday use.","https://www.wsj.com/articles/ios-16-apple-release-features-iphone-11663000852","https://images.wsj.net/im-620924/social","2022-09-12T17:46:47Z","Sometimes I look at my two young sons on my iPhones lock screen and think to myself, Wow, how beautifulthat I could match the color of the clock to the exact color of their eyebrows.When I tell you… [+243 chars]"
"46","Megha Mandavia","American Tech Can't Catch a Break in India - The Wall Street Journal","India is flexing its muscles in the tech world, preparing a raft of new legislation to tighten control on the  internet.","https://www.wsj.com/articles/american-tech-cant-catch-a-break-in-india-11662992038","https://images.wsj.net/im-620890/social","2022-09-12T14:26:00Z","U.S. tech companies are rolling up their sleeves and bracing themselves for an onslaught of regulation in India that will change the way they do business in the South Asian nation.On Saturday, Indi… [+474 chars]"
"47","Julia-Ambra Verlaine","强势美元可能产生哪些意想不到的后果？ - Wall Street Journal","<ol><li>强势美元可能产生哪些意想不到的后果？  Wall Street Journal</li><li>货币贬值45%，这个国家破产！美元飙涨，日元跌回二十五年前，英镑欧元韩币跌超10%，15国面临债务危机  新浪</li><li>在Google 新闻上查看完整报道</li></ol>","https://cn.wsj.com/articles/强势美元可能产生哪些意想不到的后果-11662960906","https://images.wsj.net/im-620320/social","2022-09-12T07:00:00Z","19971998Long-Term Capital Management..."
"48","Mike Murphy","拜登将参加下周一举行的英女王葬礼 - Wall Street Journal","<ol><li>拜登将参加下周一举行的英女王葬礼  Wall Street Journal</li><li>英国女王逝世：非洲如何看待殖民时代和女王留下的遗产  BBC</li><li>尹锡悦发文追悼已故英女王，英媒体人挑错：伊丽莎白二世名字拼错了  环球网</li><li>【英女王驾崩】拜登正式接受邀请将偕夫人参加国葬 国际  Oriental Daily News 马来西亚东方日报</li><li>英国女王逝世：伊丽莎白二世留在中国大陆和香港的足迹  BBC</li><li>在Googl…","https://cn.wsj.com/articles/美国总统拜登周六将飞赴英国-参加下周一举行的英女王国葬-11662953108","https://images.wsj.net/im-423309/social","2022-09-12T05:25:00Z","(Joe Biden)·(Jill Biden)(Queen Elizabeth II)CNN..."
"49","Shlomo Benartzi","How Much Can You Spend in Retirement? Answer These Questions First.","A lot will depend on your health, how long you work, when you take Social Security and more. Here’s how small adjustments can make a big difference.","https://www.wsj.com/articles/how-much-can-you-spend-in-retirement-questions-to-answer-11662487918","https://images.wsj.net/im-618858/social","2022-09-11T14:00:00Z","As people prepare for retirement, much of their focus is on making sure they save as much as possible, or at least as much as they think theyll need. Too often, though, we forget that people dont j… [+377 chars]"
"50","Jon Kamp","Covid-19 Is Still Killing Hundreds of Americans Daily","The disease is on pace to remain the third-leading cause of death in the U.S. in 2022, with older and sicker people among the most vulnerable.","https://www.wsj.com/articles/covid-19-is-still-killing-hundreds-of-americans-daily-11662888600","https://images.wsj.net/im-619828/social","2022-09-11T09:36:34Z","Mark Pfundheller promptly got his first two Covid-19 shots and a booster, his family said, knowing the disease was a threat related to treatment for an inflammatory disorder that compromised his immu… [+319 chars]"
"51","Ryan Dezember","Oil Prices Slump as Recession Fears Grow - The Wall Street Journal","<ol><li>Oil Prices Slump as Recession Fears Grow  The Wall Street Journal</li><li>Oil found a way to finish higher on the week  ForexLive</li><li>Oil futures end higher for the session, modestly lower for the week  MarketWatch</li><li>Oil rises 4% on su…","https://www.wsj.com/articles/oil-prices-slump-as-recession-fears-grow-11662839059","https://images.wsj.net/im-617990/social","2022-09-11T09:30:00Z","Another turbulent week in oil markets carried crude prices to their lowest point since January, with thin trading and a blurry outlook for supply and demand driving a fitful 30% decline from this y… [+280 chars]"
"52","Ken Thomas and Catherine Lucey","Biden Jabs Trump at Midterms Events as Some Dems Express Enthusiasm for '24...","President Biden is drawing a contrast with Republicans and citing polling of a potential 2024 rematch against Donald Trump as some allies say recent legislative victories have eased their questions about the president’s political future.","https://www.wsj.com/articles/biden-jabs-trump-at-midterms-events-as-some-democrats-express-enthusiasm-for-2024-11662823754","https://images.wsj.net/im-619982/social","2022-09-10T16:58:39Z","WASHINGTONAs President Biden rallies Democrats ahead of the midterm elections, he is drawing a sharp contrast with Republicans and citing polling of a potential 2024 rematch against former President … [+543 chars]"
"53","Max Colchester","King Charles III Formally Proclaimed U.K. Monarch in Pomp and Ceremony - The Wall Street Journal","He was officially proclaimed monarch during a historic televised Accession Council ceremony, as Britain’s new king undertook the first formalities of his reign while still grieving for his late mother.","https://www.wsj.com/articles/king-charles-iii-formally-proclaimed-u-k-monarch-in-pomp-and-ceremony-11662807779","https://images.wsj.net/im-620421/social","2022-09-10T16:32:00Z","LONDONKing Charles III was officially proclaimed monarch during a historic televised Accession Council ceremony held in St Jamess Palace on Saturday, as Britains new king undertook the first formalit… [+390 chars]"
"54","Jesse Newman","California Drought Leaving Rice Farmers Dry","Water cuts of more than 80% for many rice farmers have triggered an acreage decline steeper than for any other major crop in the state, hurting businesses that depend on the grain.","https://www.wsj.com/articles/in-california-drought-the-latest-victims-are-rice-farms-11662811202","https://images.wsj.net/im-619560/social","2022-09-10T12:00:00Z","COLUSA, Calif.Rick Richter has spent the past 43 years flying biplanes over Californias Sacramento Valley, dropping rice seeds into vast, flooded fields that churn out grain for consumers across the … [+274 chars]"
"55","Benoît Morenne and Cara Lombardo","How a CEO Rescued a Big Bet on Big Oil; ‘There Were a Lot of Doubters’","Occidental Petroleum’s Vicki Hollub fended off a shareholder revolt led by Carl Icahn. Lifted by rising crude prices, she now has the confidence of Warren Buffett.","https://www.wsj.com/articles/occidental-petroleum-vicki-hollub-warren-buffett-carl-icahn-anadarko-11662762696","https://images.wsj.net/im-619906/social","2022-09-10T04:00:00Z","Occidental Petroleum entered the thick of the pandemic among the worst prepared of its U.S. oil-and-gas peers. Struggling with debt from an ill-timed $38 billion deal, Chief Executive Vicki Hollub wa… [+323 chars]"
"56","Miles Kruppa","Alphabet Health Unit Founder Exits as Company Targets Commercial Uses","Verily, which has focused on personalizing healthcare, named a new CEO and has amassed $1 billion in new funding.","https://www.wsj.com/articles/alphabet-health-unit-founder-exits-as-company-targets-commercial-uses-11662754820","https://images.wsj.net/im-620291/social","2022-09-10T02:31:32Z","Verily Life Sciences, a healthcare unit of Alphabet said founder and Chief Executive Officer Andy Conrad would be replaced in the top role, as the company attempts to find commercial uses for its wid… [+329 chars]"
"57","Isabel Coles","Ukraine's Rapid Advance in East Puts Russian Forces on Defensive - The Wall Street Journal","<ol><li>Ukraine's Rapid Advance in East Puts Russian Forces on Defensive  The Wall Street Journal</li><li>Zelensky claims significant gains in northeastern Ukraine as key city retaken  CNN</li><li>Ukraine launches counteroffensive on Russian troops  USA …","https://www.wsj.com/articles/ukraines-eastern-advance-puts-forces-close-to-key-town-11662718470","https://images.wsj.net/im-619678/social","2022-09-09T22:18:00Z","KHARKIV, UkraineUkrainian forces advanced on a strategic city in the countrys east, threatening to isolate thousands of Russian troops after four days of rapid gains that caught Moscow off guard an… [+242 chars]"
"58","wsj","McCarthy Fraught Path to Power...","In his bid to be House Speaker, he has allied himself with the Trump-aligned wing of the Republican party, while largely avoiding ideological positions. “I can never have too many friends in this world.”","https://www.wsj.com/articles/kevin-mccarthy-republican-house-speaker-midterm-elections-11662505517","https://images.wsj.net/im-618486/social","2022-09-09T22:00:04Z","Kevin McCarthy’s Fraught Path to PowerListen to article(2 minutes)Kevin McCarthy is closer than ever to becoming Speaker of the House, a job he has wanted for years. The path he’s taken is a risky on… [+834 chars]"
"59","David Wainer","Dr. AMAZON Will See You Now...","Amazon and other companies are trying to disrupt the giant, inefficient U.S. healthcare sector. They’ve made little headway but a crop of upstarts is offering industry giants a chance to buy their way in.","https://www.wsj.com/articles/dr-amazon-will-see-you-now-11662715810","https://images.wsj.net/im-619372/social","2022-09-09T12:40:41Z","Thanks to innovation, Americans can hail a ride, order groceries and even buy a car without getting off of their couches. Yet when it comes to arguably their most important purchasehealthcarecapitali… [+457 chars]"
"60","Robbie Whelan","Summer Movie Season Fizzles Out, With Few Fall Blockbusters...","Box office receipts fell short of prepandemic seasons by about 20% despite hits like “Top Gun: Maverick,” and “Dr. Strange in the Multiverse of Madness.”","https://www.wsj.com/articles/summer-movie-season-fizzles-out-with-few-blockbusters-to-count-on-this-fall-11662715802","https://images.wsj.net/im-617492/social","2022-09-09T12:40:40Z","This summers movie season started with a bang, but ended with a whimper, running out of hit movies well before its traditional Labor Day conclusion.Hollywood movies earned $3.43 billion at theaters… [+147 chars]"
"61","Max Colchester","英国哀悼女王伊丽莎白二世，国王查尔斯三世即将正式登基 - Wall Street Journal","<ol><li>英国哀悼女王伊丽莎白二世，国王查尔斯三世即将正式登基  Wall Street Journal</li><li>女王走后查理3世继位 登基仪式10日隆重举行  RFI - 法国国际广播电台</li><li>查尔斯继承王位：从丑闻和质疑中走出的新任英国君主  纽约时报中文网</li><li>英国国王查尔斯三世发表全国电视讲话  瞭望东方周刊</li><li>查理三世发表全国讲话承诺以忠诚及爱为国民服务  RFI - 法国国际广播电台</li><li>在Google 新闻上查看完整…","https://cn.wsj.com/articles/英国哀悼女王伊丽莎白二世-国王查尔斯三世即将正式登基-11662727207","https://images.wsj.net/im-619664/social","2022-09-09T12:40:00Z","(King Charles III)(Queen Elizabeth II)96..."
"62","Kim Mackrael and Matthew Dalton","Europe Holds Emergency Talks on Energy-Market Intervention - The Wall Street Journal","<ol><li>Europe Holds Emergency Talks on Energy-Market Intervention  The Wall Street Journal</li><li>European Union considers measures to control soaring energy prices  The Washington Post</li><li>Grid operators, exchanges call for EU to change power price…","https://www.wsj.com/articles/europe-holds-emergency-talks-on-energy-market-intervention-11662713678","https://images.wsj.net/im-619112/social","2022-09-09T11:40:00Z","BRUSSELSEuropean energy ministers are debating plans for an intervention in the continents energy markets at an emergency meeting that is aimed at tamping down soaring electricity prices.Diplomats … [+378 chars]"
"63","Stephanie Armour","Affordable Care Act Health-Plan Premiums Set to Rise","Most consumers won’t see much of an increase because of enhanced federal subsidies, but many small employers will be hit.","https://www.wsj.com/articles/affordable-care-act-health-plan-premiums-set-to-rise-11662671934","https://images.wsj.net/im-618051/social","2022-09-09T10:22:51Z","Premiums for many Affordable Care Act health-insurance plans are set to rise sharply next year, a sign of how rising labor costs and other expenses are starting to ripple through the healthcare eco… [+298 chars]"
"64","Rebecca Feng","Chinese Banks Lose a Mortgage Safety Net as Developers Slide Into Distress","Real-estate firms in the country have written at least $300 billion in mortgage guarantees on uncompleted homes that they presold.","https://www.wsj.com/articles/chinese-banks-lose-a-mortgage-safety-net-as-developers-slide-into-distress-11662715801","https://images.wsj.net/im-616999/social","2022-09-09T09:30:00Z","China is increasingly counting on its banks to step up mortgage lending and help boost a sinking housing market. But there is a problem: Lenders are stuck with many mortgages from boom times that are… [+409 chars]"
"65","Max Colchester, David Luhnow","英国女王伊丽莎白二世去世，享年96岁 - Wall Street Journal","<ol><li>英国女王伊丽莎白二世去世，享年96岁  Wall Street Journal</li><li>英国女王伊丽莎白二世逝世- BBC News 中文  BBC</li><li>经过一生的准备，查尔斯登上王位  美国之音中文网 - VOA Mandarin</li><li>阿森纳曼联哀悼女王英超将决定周末联赛是否延期  新浪</li><li>英国女王伊丽莎白二世生平——恪尽职守终生不渝  BBC</li><li>在Google 新闻上查看完整报道</li></ol>","https://cn.wsj.com/articles/英国女王伊丽莎白二世去世-享年96岁-11662678907","https://images.wsj.net/im-489690/social","2022-09-09T03:55:00Z","(Queen Elizabeth II)9670(King Charles III)(Winston Churchill)70..."
"66","null","现场视频：数千人聚集在白金汉宫外悼念英国女王伊丽莎白二世 - The Wall Street Journal","<ol><li>现场视频：数千人聚集在白金汉宫外悼念英国女王伊丽莎白二世  The Wall Street Journal</li><li>英国女王伊丽莎白二世逝世  BBC</li><li>经过一生的准备，查尔斯登上王位  美国之音中文网 - VOA Mandarin</li><li>阿森纳曼联哀悼女王英超将决定周末联赛是否延期  新浪</li><li>英国女王伊丽莎白二世生平——恪尽职守 终生不渝  BBC</li><li>在Google 新闻上查看完整报道</li></ol>","https://www.wsj.com/video/china/41E15CE9-E6B7-4E87-9639-BBAE28B88800.html","http://images.wsj.net/im-619381?width=1280&height=720","2022-09-09T01:02:00Z","9/1/2022(Kherson)Matthew LuxmooreDimitar Dilkoff/AFP/Getty Images"
"67","The Editorial Board","Janet Yellen’s Fantasy Economy - The Wall Street Journal","<ol><li>Janet Yellen’s Fantasy Economy  The Wall Street Journal</li><li>Treasury Secretary Janet Yellen says U.S. economy headed in right direction  CBS News</li><li>Larry Kudlow: These climate policies would lead to a global economic and financial catast…","https://www.wsj.com/articles/janet-yellens-fantasy-economy-biden-administration-inflation-wages-dearborn-michigan-11662674409","https://images.wsj.net/im-619528/social","2022-09-08T22:59:00Z","Janet Yellen is a distinguished economist, but her tenure as Treasury Secretary hasnt enhanced her reputation. Her lack of influence with President Biden has meant she couldnt stop bad policy (studen… [+659 chars]"
"68","Max Colchester and Isabel Coles","King Charles III to Forge New Path for Monarchy After Death of Queen Elizabeth II - The Wall Street Journal","<ol><li>King Charles III to Forge New Path for Monarchy After Death of Queen Elizabeth II  The Wall Street Journal</li><li>Queen Elizabeth's death ends popular reign, starts King Charles era  USA TODAY</li><li>King Charles Mourns Queen Elizabeth's Death  …","https://www.wsj.com/articles/king-charles-iii-to-forge-new-path-for-monarchy-after-death-of-queen-elizabeth-ii-11662670020","https://images.wsj.net/im-619246/social","2022-09-08T22:38:00Z","LONDONQueen Elizabeth IIs eldest son, Charles, has spent nearly his entire life in waiting as heir to the British throne, watching his mother navigate decades of social and political change. On Thurs… [+379 chars]"
"69","Jeff Horwitz","WSJ News Exclusive  Facebook Parent Meta Platforms Cuts Responsible Innovation Team","Meta Platforms Inc. has disbanded its Responsible Innovation team, which was once a prominent piece of its effort to address concerns about the potential downsides of its products. The team had included roughly two dozen engineers, ethicists and others who co…","https://www.wsj.com/articles/facebook-parent-meta-platforms-cuts-responsible-innovation-team-11662658423","https://images.wsj.net/im-617847/social","2022-09-08T19:25:02Z","Meta Platforms Inc. has disbanded its Responsible Innovation team, which was once a prominent piece of its effort to address concerns about the potential downsides of its products.The team had incl… [+256 chars]"
"70","Will Feuer","Rivian, Mercedes to Partner on Electric-Van Factory","The companies signed an agreement to establish a European factory dedicated to the production of electric vans.","https://www.wsj.com/articles/rivian-mercedes-to-partner-on-electric-van-factory-11662646684","https://images.wsj.net/im-618775/social","2022-09-08T14:18:00Z","Rivian Automotive Inc. is working with Mercedes-Benz Group AG to establish a new European factory to make both companies electric vans.The two companies said Thursday they signed a memorandum of un… [+312 chars]"
"71","Nick Timiraos","Fed’s Powell Affirms Need to Act Strongly to Fight Inflation - The Wall Street Journal","Central bank officials haven’t pushed back against expectations for a third consecutive 0.75-point rate increase later this month.","https://www.wsj.com/articles/feds-powell-set-to-speak-on-economic-outlook-11662640201","https://images.wsj.net/im-618353/social","2022-09-08T13:54:00Z","Federal Reserve Chairman Jerome Powell said the central bank is squarely focused on bringing down high inflation to prevent it from becoming entrenched as it did in the 1970s.It is very much our vi… [+222 chars]"
"72","Mike Colias","GM Courts Mainstream Buyers with $30,000 Electric Chevy Equinox","The SUV, slated to arrive in fall 2023, would be among the least-expensive electric vehicles in the U.S.","https://www.wsj.com/articles/gm-courts-mainstream-buyers-with-30-000-electric-chevy-equinox-11662642001","https://images.wsj.net/im-618505/social","2022-09-08T13:32:46Z","General Motors said it plans to release an electric Chevrolet SUV priced around $30,000, targeting cost-conscious buyers as prices soar on other plug-in models.The electric Chevy Equinox will go on… [+210 chars]"
"73","Tom Fairless","ECB Raises Interest Rates by a Historic 0.75 Point as Europe Stares at Recession - The Wall Street Journal","<ol><li>ECB Raises Interest Rates by a Historic 0.75 Point as Europe Stares at Recession  The Wall Street Journal</li><li>Price pressures continue to outpace pessimistic forecasts  Latest Business News  WION  WION</li><li>European Central Bank raises ra…","https://www.wsj.com/articles/ecb-raises-interest-rates-by-a-historic-0-75-point-as-europe-stares-at-recession-11662639573","https://images.wsj.net/im-618734/social","2022-09-08T13:00:00Z","FRANKFURTThe European Central Bank said it would raise its key interest rate by 0.75 percentage point, the biggest increase since the early days of Europes monetary union, moving aggressively to comb… [+286 chars]"
"74","Selina Cheng","Tesla Deliveries From China Jump, but BYD Races Ahead in Country","Tesla saw a big jump in deliveries from its Gigafactory in Shanghai in August after upgrading its assembly lines, but the American EV maker continues to fall behind Chinese rival BYD in the world’s biggest auto market.","https://www.wsj.com/articles/tesla-deliveries-from-shanghai-factory-jump-but-byd-races-ahead-in-china-11662633237","https://images.wsj.net/im-618711/social","2022-09-08T12:29:00Z","HONG KONGTesla had a big jump in deliveries from its Gigafactory in Shanghai in August after upgrading its assembly lines, but the American EV maker continues to fall behind Chinese rival BYD in th… [+346 chars]"
"75","Alexandra Bruell","RUMBLE Makes Play for TV-News Audiences With Daily Shows...","Video-sharing site Rumble has hired a small number of high-profile personalities to host daily live news shows on its platform, a sign the YouTube alternative is making a play for TV-news audiences.","https://www.wsj.com/articles/rumble-makes-play-for-tv-news-audiences-with-daily-news-shows-11662634800","https://images.wsj.net/im-618314/social","2022-09-08T12:01:46Z","Video-sharing site Rumble Inc. has hired a small number of high-profile personalities to host daily live news shows on its platform, people familiar with the matter said, a sign the YouTube alternati… [+198 chars]"
"76","Katherine Clarke  Photographs and Videos by Kristian Thacker for The Wall Street Journal","First They Purchased House. Then Bought Up Entire Town...","Saji Daniel and Shannon McGauley never expected to land in the small Pennsylvania town of Foxburg—never mind own it.","https://www.wsj.com/articles/first-they-purchased-a-house-then-they-bought-up-the-entire-town-11662587206","https://images.wsj.net/im-616198/social","2022-09-08T12:01:46Z","Saji Daniel and his fiancée, Shannon McGauley, were holed up in their Cleveland-area home amid the pandemic in October 2020 when they got an unexpected call from their neighbor, Lou Keppler.Dr. Kep… [+314 chars]"
"77","Max Colchester","Queen Elizabeth II’s Health Causes Doctors Concern","Buckingham Palace said that the queen’s doctors were concerned for her health and had decided to keep her under medical supervision.","https://www.wsj.com/articles/queen-elizabeth-iis-health-causes-doctors-concern-11662637637","https://images.wsj.net/im-618732/social","2022-09-08T11:47:00Z","Concerns over Queen Elizabeth IIs health mounted on Thursday after Buckingham Palace said the British monarchs doctors were worried about her condition and had decided to place her under medical supe… [+246 chars]"
"78","Tim Higgins","苹果公司召开秋季发布会，iPhone 14系列成重头戏 - Wall Street Journal","<ol><li>苹果公司召开秋季发布会，iPhone 14系列成重头戏  Wall Street Journal</li><li>大升级不加价，iPhone 14将对手甩得更远 焦点分析  36kr</li><li>iPhone 14 Pro上手：灵动岛切换动画效果酷炫- Apple iPhone  cnBeta</li><li>苹果iPhone 14系列正式亮相！高通胀下起售价保持不变，苹果玩的什么策略？  瞭望东方周刊</li><li>“刘海”没了！iPhone 14现身，还是涨价了：最贵1…","https://cn.wsj.com/articles/苹果公司发布新款iphone-14-pro-11662594005","https://images.wsj.net/im-618401/social","2022-09-08T07:55:00Z","(Apple Inc., AAPL)5GiPhone9iPhone 142020iPhone 125G5GiPhone 14iPhoneMini..."
"79","Meghan Bobrowsky","Snap CEO Sees Challenges in Executing Turnaround Drive","Evan Spiegel says TikTok’s level of investment in acquiring users was a surprise and replicating the video-sharing app’s sophistication in improving its algorithm has been a challenge for established social-media companies.","https://www.wsj.com/articles/snap-ceo-sees-challenges-in-executing-turnaround-drive-11662610497","https://images.wsj.net/im-618646/social","2022-09-08T04:14:00Z","Snap Chief Executive Evan Spiegel said hes bracing for a challenging turnaround period as the company tries to revamp itself and rekindle sales growth at a time when digital advertising spending is u… [+155 chars]"
"80","Max Colchester","英国首相将宣布能源救助计划 - Wall Street Journal","<ol><li>英国首相将宣布能源救助计划  Wall Street Journal</li><li>特拉斯的“一生挚爱” 英国新首相背后的男人是谁？  瞭望东方周刊</li><li>英国新任首相将对中国采取更强硬立场  美国之音中文网 - VOA Mandarin</li><li>特拉斯继任后改组内阁 多位少数族裔担任重要职务  RFI - 法国国际广播电台</li><li>英国女首相一上任，果然就斗起来了！  瞭望东方周刊</li><li>在Google 新闻上查看完整报道</li></o…","https://cn.wsj.com/articles/英国首相将宣布能源救助计划-11662601505","https://images.wsj.net/im-617881/social","2022-09-08T01:45:00Z","(Liz Truss)(Boris Johnson)1,0001080%..."
"81","Nicole Nguyen","Apple AirPods Pro Second-Generation: Same Look, Smart Improvements","The new AirPods Pro have better active noise cancellation and longer battery life, among other updates.","https://www.wsj.com/articles/airpods-pro-second-generation-same-look-smart-improvements-11662591660","https://images.wsj.net/im-618211/social","2022-09-08T01:15:10Z","For people who just want wireless Bluetooth earbuds that seamlessly pair with their Apple basic AirPods make sense. But if you want sound-blocking active noise cancellation, the pricier AirPods Pro a… [+372 chars]"
"82","Jared Malsin 发自伊斯坦布尔, Ann M. Simmons 发自莫斯科, Alistair MacDonald 发自伦敦","普京威胁限制乌克兰粮食出口，指控西方国家“欺骗”发展中国家 - Wall Street Journal","<ol><li>普京威胁限制乌克兰粮食出口，指控西方国家“欺骗”发展中国家  Wall Street Journal</li><li>普京称孤立俄罗斯绝无可能 并会见栗战书  RFI - 法国国际广播电台</li><li>普京再批西方制裁“徒劳” 下周将会晤习近平  DW</li><li>普京远东行，对美释放关键信号  瞭望东方周刊</li><li>普京：经蒙古国向中国供应天然气的所有主要参数都已达成一致  RFI - 法国国际广播电台</li><li>在Google 新闻上查看完整报道</l…","https://cn.wsj.com/articles/普京威胁限制乌克兰粮食出口-指控西方国家-欺骗-发展中国家-11662594605","https://images.wsj.net/im-617821/social","2022-09-07T23:50:00Z","(Vladimir Putin)876(World Food Program)(Recep..."
"83","Tim Higgins","蘋果公司發布新款Apple Watch - Wall Street Journal","<ol><li>蘋果公司發布新款Apple Watch  Wall Street Journal</li><li>Apple Watch Ultra 主站動手玩：為戶外而生- Engadget 中文版  Engadget 中文版</li><li>蘋果發表會落幕！8款新品功能進化一次看  中時新聞網 Chinatimes.com</li><li>iPhone 14 來了 Apple蘋果秋季發表會8新品懶人包 還有Apple Watch與AirPods Pro2  Yahoo奇摩新聞</li><li>…","https://cn.wsj.com/articles/蘋果公司發布新款apple-watch-121662594008","https://images.wsj.net/im-618223/social","2022-09-07T23:40:38Z","(Apple Inc., AAPL)5GiPhone9Apple WatchApple Watch Ultra799GPSUltra()Series..."
"84","The Editorial Board","Gavin Newsom’s Dirty Energy Secret - The Wall Street Journal","<ol><li>Gavin Newsom’s Dirty Energy Secret  The Wall Street Journal</li><li>Gavin Newsom's 2024 chances could be threatened by California's energy grid struggles  Fox News</li><li>Gov. Gavin Newsom talks about extreme heat, energy concerns during visit to…","https://www.wsj.com/articles/gavin-newsoms-dirty-climate-secret-california-rolling-blackouts-green-energy-grid-11662583198","https://images.wsj.net/im-618593/social","2022-09-07T23:14:00Z","Californians narrowly averted rolling blackouts on Tuesday, but the threat looms all week amid an unpleasant but not unusual heat wave. This ought to be a warning about how the government force-fed g… [+487 chars]"
"85","Jared Malsin in Istanbul and Evan Gershkovich in Moscow","Putin Threatens to Abandon Grain Deal, Further Squeeze Energy Supplies - The Wall Street Journal","<ol><li>Putin Threatens to Abandon Grain Deal, Further Squeeze Energy Supplies  The Wall Street Journal</li><li>Russia's war in Ukraine: Live updates  CNN</li><li>Sanctions on Russia are 'declaration of economic war', says Vladimir Putin - BBC News  BBC N…","https://www.wsj.com/articles/putin-threatens-to-limit-ukraines-grain-exports-accuses-west-of-deception-11662550822","https://images.wsj.net/im-617821/social","2022-09-07T18:29:00Z","Russian President Vladimir Putin threatened to curtail the export of grain from Ukraine and said Moscow was ready to extend its rationing of natural-gas exports and cut off oil and refined products i… [+411 chars]"
"86","wsj","Americans Snap Up BENTLEYs, LAMBORGHINIs as Luxury-Auto Market Booms...","Teslas, Bentleys and Lamborghinis are in demand, as more Americans are opting to buy luxury vehicles than ever before.","https://www.wsj.com/articles/americans-snap-up-teslas-bentleys-lamborghinis-as-the-luxury-auto-market-booms-11662497382","https://images.wsj.net/im-616307/social","2022-09-07T12:00:05Z","Americans Snap Up Teslas, Bentleys, Lamborghinis as the Luxury-Auto Market BoomsListen to article(2 minutes)More Americans are opting to buy luxury vehicles than ever before, a shift fueled by cash-r… [+1063 chars]"
"87","Dow Jones Newswires","中国8月外汇储备显著下降 - Wall Street Journal","受美元走强之际全球金融资产价格总体下跌影响，中国8月份外汇储备显著下降。","https://cn.wsj.com/articles/中国8月外汇储备显著下降-11662550506","https://images.wsj.net/im-448112/social","2022-09-07T11:35:00Z","883.0557491.8(The Wall Street Journal)83.065..."
"88","Max Colchester, David Luhnow","英国女王正式任命特拉斯为首相 - Wall Street Journal","<ol><li>英国女王正式任命特拉斯为首相  Wall Street Journal</li><li>英国新任首相将对中国采取更强硬立场  美国之音中文网 - VOA Mandarin</li><li>特拉斯继任后改组内阁多位少数族裔担任重要职务  RFI - 法国国际广播电台</li><li>特拉斯正式就任英国首相当天俄媒称俄外长给她“提了个建议”  瞭望东方周刊</li><li>特拉斯就任英相 在英港人及维吾尔群体有何期望？  自由亚洲电台</li><li>在Google 新闻上查看完整…","https://cn.wsj.com/articles/英国女王正式任命特拉斯为首相-11662511275","https://images.wsj.net/im-617116/social","2022-09-07T11:25:00Z",""
"89","Laura Cooper","Kim Kardashian's Latest Business Venture: Private Equity - WSJ - The Wall Street Journal","The reality star and entrepreneur is joining with former Carlyle partner Jay Sammons to launch a new private-equity firm called SKKY Partners.","https://www.wsj.com/articles/kim-kardashians-latest-business-venture-private-equity-11662543001","https://images.wsj.net/im-617321/social","2022-09-07T09:30:00Z","Kim Kardashian and a former partner at Carlyle Group are launching a new private-equity firm focused on investing in and building consumer and media businesses.Ms. Kardashian is teaming up with Jay… [+277 chars]"
"90","Angus Loten","‘Predictive-Maintenance’ Tech Is Taking Off as Manufacturers Seek More Efficiency - The Wall Street Journal","Pepsi, Colgate and other firms are populating their plants with sensors from AI startup Augury to ‘listen’ for machinery problems. And other up-and-coming ‘machine-health tech’ firms are offering similar wares","https://www.wsj.com/articles/predictive-maintenance-tech-is-taking-off-as-manufacturers-seek-more-efficiency-11662543000","https://images.wsj.net/im-617637/social","2022-09-07T09:30:00Z","Startups that make technology designed to predict industrial equipment failures before they happen are seeing a surge in demand, as strained supply chains prompt manufacturers to squeeze more efficie… [+5363 chars]"
"91","Laurence Norman","国际原子能机构报告详述扎波罗热核电站受到的破坏，呼吁设立安全区 - Wall Street Journal","<ol><li>国际原子能机构报告详述扎波罗热核电站受到的破坏，呼吁设立安全区  Wall Street Journal</li><li>国际原子能署今发扎波罗热核电站安全评估报告  RFI - 法国国际广播电台</li><li>欧洲最大核电站与乌克兰电网断开连接 此前周围受到炮击致输电线路受损- 警告!  cnBeta</li><li>乌克兰扎波罗热核电站与电网断联  美国之音中文网 - VOA Mandarin</li><li>俄乌围绕核电站爆发激烈战斗，俄国防部：俄出动战机打击乌特种部队  …","https://cn.wsj.com/articles/国际原子能机构报告详述扎波罗热核电站受到的破坏-呼吁设立安全区-11662507005","https://images.wsj.net/im-617344/social","2022-09-07T00:15:00Z",""
"92","Sarah E. Needleman","Musk, TWITTER Trade Barbs at Wide-Ranging Hearing...","Delaware Chancery Court Chancellor Kathaleen McCormick is hearing arguments on several issues, including whether allegations from a whistleblower complaint can be added to billionaire’s countersuit.","https://www.wsj.com/articles/elon-musk-and-twitter-to-face-off-at-wide-ranging-hearing-11662476991","https://images.wsj.net/im-616460/social","2022-09-06T21:49:42Z","Lawyers for Elon Musk and Twitter discussed a range of issues during a hearing in Delaware Chancery Court over the fate of their stalled $44 billion merger agreement, including the pace and substan… [+499 chars]"
"93","Heather Somerville","Theranos Founder Elizabeth Holmes Seeks New Trial, Citing Fresh Evidence","She says one of the prosecution’s star witnesses visited her house to express regret for his role in her trial.","https://www.wsj.com/articles/theranos-founder-elizabeth-holmes-seeks-new-trial-citing-fresh-evidence-11662496376","https://images.wsj.net/im-617440/social","2022-09-06T20:37:11Z","Elizabeth Holmes, founder of defunct blood-testing startup Theranos Inc. who was convicted of fraud, has asked a federal judge for a new trial after she said one of the prosecutions star witnesses vi… [+571 chars]"
"94","wsj","DOJ Considers Next Move...","The Justice Department faces partly conflicting goals as it weighs how to proceed in its inquiry into the handling of classified documents at Mar-a-Lago in the wake of a key legal ruling, former prosecutors say.","https://www.wsj.com/articles/doj-considers-next-move-after-judge-greenlights-trumps-request-for-special-master-11662493448","https://images.wsj.net/im-617460/social","2022-09-06T20:00:05Z","DOJ Considers Next Move After Judge Greenlights Trump’s Request for Special Master Listen to article(2 minutes)WASHINGTON—The Justice Department faces partly conflicting goals as it weighs how to pro… [+918 chars]"
"95","Nina Trentmann","Bed Bath & Beyond Names Interim CFO After Death of Gustavo Arnal - The Wall Street Journal","<ol><li>Bed Bath & Beyond Names Interim CFO After Death of Gustavo Arnal  The Wall Street Journal</li><li>Bed Bath & Beyond CFO dies by suicide l GMA  Good Morning America</li><li>Bed Bath & Beyond CFO's death ruled a suicide  Yahoo News</li><li>Bed Bat…","https://www.wsj.com/articles/bed-bath-beyond-names-laura-crossen-as-interim-cfo-11662471645","https://images.wsj.net/im-617137/social","2022-09-06T16:54:00Z","Struggling home-goods retailer Bed Bath &amp; Beyond Inc. on Tuesday named an interim executive to lead its finances, a move aimed at reassuring investors after the death of Chief Financial Officer G… [+483 chars]"
"96","Isabel Coles in Kharkiv, Ukraine and Evan Gershkovich in Moscow","Ukraine Seeks Corridor to Evacuate Civilians Near Zaporizhzhia Nuclear Plant - The Wall Street Journal","<ol><li>Ukraine Seeks Corridor to Evacuate Civilians Near Zaporizhzhia Nuclear Plant  The Wall Street Journal</li><li>Fears mount as fighting continues near Ukrainian power plant  CBS Evening News</li><li>Russia's war in Ukraine: Live updates  CNN</li><…","https://www.wsj.com/articles/ukraine-warns-of-risks-to-nuclear-plant-ahead-of-u-n-inspectors-report-11662456076","https://images.wsj.net/im-617021/social","2022-09-06T14:57:00Z","Scores of people were trying to evacuate from villages near the Zaporizhzhia nuclear-power plant, Ukrainian officials said, as an explosion cut off access to electricity and water at a nearby town.… [+345 chars]"
